topic,kind,context,description
tyt_matematik,kolay_kaynak,Ens,
tyt_matematik,kolay_kaynak,40 Seans,
tyt_matematik,kolay_kaynak,Mikro Orijinal,
tyt_matematik,orta_kaynak,Bilgisarmal,
tyt_matematik,orta_kaynak,Acil,
tyt_matematik,orta_kaynak,345,
tyt_matematik,zor_kaynak,Orijinal,
tyt_matematik,zor_kaynak,Paraf Mor,
tyt_matematik,zor_kaynak,Barýþ,
ayt_matematik,kolay_kaynak,Matfest,
ayt_matematik,kolay_kaynak,Mikro Orijinal,
ayt_matematik,kolay_kaynak,Seans,
ayt_matematik,orta_kaynak,Bilgisarmal,
ayt_matematik,orta_kaynak,Acil,
ayt_matematik,orta_kaynak,345,
ayt_matematik,zor_kaynak,Orijinal,
ayt_matematik,zor_kaynak,Barýþ,
ayt_matematik,zor_kaynak,EyüpB,
geometri,kolay_kaynak,Geometrinin Ýlacý,
geometri,kolay_kaynak,Mikro Orijinal,
geometri,orta_kaynak,Bilgisarmal,
geometri,orta_kaynak,Acil,
geometri,orta_kaynak,345,
geometri,zor_kaynak,Orijinal,
geometri,zor_kaynak,Armada Süper,
geometri,zor_kaynak,3D,
tyt_fizik,kolay_kaynak,Ens,
tyt_fizik,kolay_kaynak,40 Seans,
tyt_fizik,kolay_kaynak,Sonuç,
tyt_fizik,orta_kaynak,Bilgisarmal,
tyt_fizik,orta_kaynak,Egzersiz,
tyt_fizik,orta_kaynak,Çap,
tyt_fizik,zor_kaynak,3D,
tyt_fizik,zor_kaynak,Paraf Mor,
tyt_fizik,zor_kaynak,Apotemi,
ayt_fizik,kolay_kaynak,Aktif,
ayt_fizik,kolay_kaynak,40 Seans,
ayt_fizik,kolay_kaynak,Çözüm,
ayt_fizik,orta_kaynak,Bilgisarmal,
ayt_fizik,orta_kaynak,Egzersiz,
ayt_fizik,orta_kaynak,345,
ayt_fizik,zor_kaynak,3D,
ayt_fizik,zor_kaynak,Ulti,
tyt_kimya,kolay_kaynak,Ens,
tyt_kimya,kolay_kaynak,40 Seans,
tyt_kimya,kolay_kaynak,Aktif,
tyt_kimya,orta_kaynak,Bilgisarmal,
tyt_kimya,orta_kaynak,Orbital,
tyt_kimya,orta_kaynak,345,
tyt_kimya,zor_kaynak,3D,
tyt_kimya,zor_kaynak,Aydýn,
tyt_kimya,zor_kaynak,Ulti,
ayt_kimya,kolay_kaynak,Ens,
ayt_kimya,kolay_kaynak,Aktif,
ayt_kimya,kolay_kaynak,40 Seans,
ayt_kimya,orta_kaynak,Bilgisarmal,
ayt_kimya,orta_kaynak,Orbital,
ayt_kimya,orta_kaynak,345,
ayt_kimya,zor_kaynak,3D,
ayt_kimya,zor_kaynak,Aydýn,
tyt_biyoloji,kolay_kaynak,Ens,
tyt_biyoloji,kolay_kaynak,40 Seans,
tyt_biyoloji,kolay_kaynak,Sonuç,
tyt_biyoloji,orta_kaynak,Bilgisarmal,
tyt_biyoloji,orta_kaynak,Egzersiz,
tyt_biyoloji,orta_kaynak,Çap,
tyt_biyoloji,zor_kaynak,3D,
tyt_biyoloji,zor_kaynak,Paraf Mor,
tyt_biyoloji,zor_kaynak,Apotemi,
ayt_biyoloji,kolay_kaynak,Aktif,
ayt_biyoloji,kolay_kaynak,40 Seans,
ayt_biyoloji,kolay_kaynak,Çözüm,
ayt_biyoloji,orta_kaynak,Bilgisarmal,
ayt_biyoloji,orta_kaynak,Egzersiz,
ayt_biyoloji,orta_kaynak,345,
ayt_biyoloji,zor_kaynak,3D,
ayt_biyoloji,zor_kaynak,Ulti,
dilbilgisi,orta_kaynak,Yayýn Denizi Pro,
dilbilgisi,orta_kaynak,Bilgisarmal,
dilbilgisi,zor_kaynak,Limit,
dilbilgisi,zor_kaynak,3D,
edebiyat,orta_kaynak,Aydýn,
edebiyat,orta_kaynak,Bilgisarmal,
edebiyat,zor_kaynak,Limit,
edebiyat,zor_kaynak,Palme,
coðrafya,orta_kaynak,Aydýn,
coðrafya,orta_kaynak,Bilgisarmal,
coðrafya,zor_kaynak,Limit,
coðrafya,zor_kaynak,Palme,
